Date,Growth,Inflation surprises,Financial Stress
2018-06-29,0.0018225076858416009,0.002538576812391127,0.0003980613377450033
2018-05-31,0.0021657857856991693,0.002481867032678465,-0.00018159439496691818
2018-04-30,0.0021962346594909155,0.0021138116528631023,7.126157207736561e-07
2018-03-30,0.0015250556908152511,0.0017714714355470348,-7.006607785078377e-05
2018-02-28,0.002286400825351433,0.001365075039399804,-0.00022736554393279197
2018-01-31,0.00265761178616634,0.0027815471871674644,-0.0013144639172226937
2017-12-29,0.0021604525273761833,0.0034562044836498147,-0.002121486397343001
2017-11-30,0.00197748477970768,0.002453033559458134,-0.0015665715186384882
2017-10-31,0.003298563768337273,0.002258859249379929,-0.0018665044767966876
2017-09-29,0.0030442843169159618,0.0011685932459183659,-0.0014018626082730903
2017-08-31,0.0029141502603365617,0.0021914358468135774,-0.001738848532872492
2017-07-31,0.002965124405530126,0.0008678450049162813,-0.0009391923191318749
2017-06-30,0.0030535204174391116,1.543279998579135e-05,-0.0012175986323765637
2017-05-31,0.002130940238077887,0.0015944028685576594,-0.0015446146858214486
2017-04-28,0.002053265026574123,0.001039132451208264,-0.0012440726215533254
2017-03-31,0.002561592727712298,0.0025990632617138884,-0.0012580940747726132
2017-02-28,0.002979711907509507,0.0036061824275731382,-0.001774324619405455
2017-01-31,0.002439817104971477,0.0041491910569190875,-0.001301928986586273
2016-12-30,0.0007169355406022199,0.003603431564796185,-0.0010004022388784889
2016-11-30,0.0007530519542908077,0.003019277050656096,-0.0010785179422249977
2016-10-31,-0.0007929034450940493,0.001855890791528293,-0.0010510208547590293
2016-09-30,-0.0004213307410493097,0.002516507801895814,-0.0015291623810612905
2016-08-31,-0.001222565979884916,0.0015520899305053754,-0.0015311697424811482
2016-07-29,-0.002080196121970405,0.0019537822523277154,-0.0009658346838341473
2016-06-30,-0.002384231860196667,0.0009322965008829422,-0.0009519121782681242
2016-05-31,-0.0016179316574922921,-0.001037418926226933,0.0002941680239002582
2016-04-29,-0.0017822752908684576,-0.0009889565122839369,0.0005545143040705076
2016-03-31,-0.0014694987692284544,-0.0012031508277657065,0.0005744531587868072
2016-02-29,-0.0020829520268535614,-0.00177225232067946,0.0006733358194845726
2016-01-29,-0.0006629056329430041,-0.002958228771069472,0.0005682092496303742
2015-12-31,-0.0005347893188091118,-0.0026405034166949166,0.0005053148037696627
2015-11-30,-0.0008862354528315978,-0.003085872130624213,0.00032757386337765973
2015-10-30,-0.0010338858228954564,-0.002396708158138976,-7.974604091453952e-05
2015-09-30,-0.0017490544346597154,-0.0024613911576670815,-0.00036898297798880573
2015-08-31,-0.0012832445314146326,-0.0032147318484916023,-0.00012416572875471155
2015-07-31,-0.000718156006186312,-0.002902399074178458,-0.001452980291129483
2015-06-30,-0.0006160295224179463,-0.0024761211105354076,-0.0011973009675695324
2015-05-29,-0.00044952589578252817,-0.0013881037684439935,-0.0018332608076203757
2015-04-30,-0.0002615904365167256,-0.0005890431337045482,-0.002774567195066603
2015-03-31,-0.0008961144108924077,-0.0010385279827351632,-0.0030367280286237737
2015-02-27,-0.0005873335127478524,-0.0013336049612908472,-0.0027906191595982394
2015-01-30,-0.0014408870891261794,-0.00041055325729858643,-0.0029648308932568265
2014-12-31,-0.0011813459235524076,-0.0009770818075184064,-0.0026890091540684616
2014-11-28,-0.00014175176845727963,-0.00035918381248459166,-0.002882726521704047
2014-10-31,0.00026856523359780366,-0.0003884124282892142,-0.002379753130588815
2014-09-30,0.0006054099396100925,-0.00012785076132855818,-0.0022763707859412177
2014-08-29,0.0012185685480266726,0.0010667276325127036,-0.003261988582939432
2014-07-31,0.0012071082964124806,0.001082939809676998,-0.0021517406470670905
2014-06-30,0.0016032446839205914,0.002302961034955776,-0.0020073672046452542
2014-05-30,0.0016440066021461543,0.0005693840804924539,-0.001285609571119984
2014-04-30,0.00236957394548659,-0.0004888993257381438,-0.00038006374142271433
2014-03-31,0.0024510833111026377,-0.001335988090681512,-0.000655618335891516
2014-02-28,0.00244027514496286,-0.0008822651091353752,-0.000689168580951046
2014-01-31,0.0019449336376469962,-0.001960897181982443,-0.0006350357427543874
2013-12-31,0.0037266681762224917,-0.0018560383957137566,-0.0008901897042865897
2013-11-29,0.003365987646530329,-0.0020472579878028628,-0.0008981022568081018
2013-10-31,0.003261655823794444,-0.0010485469851423145,-0.00143705753553678
2013-09-30,0.002685468575749516,-0.002076646491736677,-0.0006788181996302544
2013-08-30,0.002785786061740995,-0.0015508152983278597,-0.00030638164589927226
2013-07-31,0.003111597988096166,-0.0011970593746452533,-0.0006308187154886682
2013-06-28,0.0023577100148200088,-0.0015479358304566302,-0.0009991955531592003
2013-05-31,0.0027544460527771835,-0.000507264817204433,-0.0020582688568537262
2013-04-30,0.0003658342460265066,-0.0010374598362417609,-0.002229109950414718
2013-03-29,-0.00021864602708315383,-0.00010579318056774681,-0.0020020277287339967
2013-02-28,0.0001078041296409482,-0.0006895134299894834,-0.0014990972168738472
2013-01-31,0.000954558956695966,-0.00011232732785541714,-0.001564166431681886
2012-12-31,0.0005200022821857447,0.0010325663270384494,-0.0019247104710291257
2012-11-30,5.6613517948256463e-05,0.0006592387796120725,-0.0024430641621633973
2012-10-31,-0.0006807422754053988,0.00035958195196814536,-0.0018521903380450963
2012-09-28,0.0008602213538095076,0.002520216478646322,-0.0026685297873201073
2012-08-31,-0.0014351333694177745,-7.190422948744419e-05,-0.002106736111293466
2012-07-31,-0.0034555447954220833,4.302868458678241e-05,-0.0022422044188642135
2012-06-29,-0.003930820441820949,0.0008538807144159472,-0.0019790340642916555
2012-05-31,-0.004341705906593582,0.00044101743881400475,-0.0016316107303919185
2012-04-30,-0.0036324981588444836,0.0013704811832068221,-0.0019374048369546185
2012-03-30,-0.003342839577668542,0.0021591039350260196,-0.0016936009710189282
2012-02-29,-0.003932248459563259,0.0030249521410418345,-0.0017738477231519895
2012-01-31,-0.004428199600607706,0.003752107339902831,-0.00155835457366476
2011-12-30,-0.004178280406120215,0.002325211612954073,-0.0014606323053286698
2011-11-30,-0.002651076510066505,0.0037401799597264547,-0.0006530897325535056
2011-10-31,-0.002190529446763593,0.0032827664581953214,-0.00043547307120818586
2011-09-30,-0.002981143146639909,0.0025846859803530724,4.329427825611339e-05
2011-08-31,-0.00036539007532631593,0.006487468460154301,-0.0007439923284593874
2011-07-29,0.0006385841873737436,0.006196515311361397,-0.0012075752102370866
2011-06-30,0.002736095766903035,0.005835713925839772,-0.0024063097665644032
2011-05-31,0.0015874943119417154,0.006716458169891701,-0.0023744611748332113
2011-04-29,0.00023269869576450305,0.005978869771795963,-0.0013583284744723703
2011-03-31,-0.0002294016019364336,0.005223919757422138,-0.0013158726120867446
2011-02-28,0.0012200560570661601,0.0056442120936424514,-0.002335393177578216
2011-01-31,0.001150898223275639,0.00585117817083443,-0.00266959024009733
2010-12-31,-0.0005960650466297684,0.005028531011038677,-0.0022966618504484545
2010-11-30,-0.0008377260682403457,0.0033713239702430125,-0.0023243909054575912
2010-10-29,-0.0009038372656153444,0.005193017460897224,-0.0030395735676152866
2010-09-30,-0.0013935206631819099,0.005447240250728165,-0.002887528384040557
2010-08-31,-0.002591860894005504,0.004515572293142419,-0.002405363088873129
2010-07-30,-0.0010723973105333689,0.004824156017175342,-0.0030583021119937525
2010-06-30,-0.001151019863203436,0.005193171998451533,-0.003241313715921528
2010-05-31,0.00040185802329155163,0.005080410575620812,-0.003915546370250401
2010-04-30,0.003649542280895638,0.00875251119817697,-0.004672223248552115
2010-03-31,0.006691573023776552,0.008472545327667724,-0.006066328269880645
2010-02-26,0.006215362916036485,0.009846179327715638,-0.006920907686694884
2010-01-29,0.004657971367295197,0.008078681375201003,-0.00566028348466455
2009-12-31,0.00511218105575999,0.007447588199293196,-0.004360802473568188
2009-11-30,0.0021640818659351786,0.007228442354624594,-0.004097724004304087
2009-10-30,-0.0008277766457856301,0.005364641307148419,-0.0038494537639526503
2009-09-30,-0.0025316163644132075,0.00015335135169620086,-0.0013825088759784636
2009-08-31,-0.0038473720760781836,-0.0014231147425693919,1.0767177640338627e-05
2009-07-31,-0.0043817364610993234,-0.0026734870169990432,0.00024913107091535094
2009-06-30,-0.0052216817905211335,-0.00396110488241017,0.0012244142260689464
2009-05-29,-0.0061566879262150535,-0.0032369841692368446,0.001814221037174701
2009-04-30,-0.006397095848020403,-0.00444314431980183,0.002089949106088261
2009-03-31,-0.0067569737902614425,-0.004649508058789054,0.002511053358383639
2009-02-27,-0.006650913743146336,-0.005866201572617093,0.003592974000338525
2009-01-30,-0.0064532203414504885,-0.0045371375383239515,0.003142274572748215
2008-12-31,-0.007632738294601507,-0.001924451296867294,0.0019341380181746085
2008-11-28,-0.006672605967200296,-0.0025735786890238982,0.002878590820023927
2008-10-31,-0.005467082512759759,-0.003187762015581031,0.003650156211313488
2008-09-30,-0.004836896182997824,0.001197831094145933,0.00236296990451883
2008-08-29,-0.0034636563627775748,0.0038468518800222565,0.001491664419994674
2008-07-31,-0.0037523430574740017,0.00455389399072909,0.001957570144346971
2008-06-30,-0.003915324506546499,0.007022456363709219,0.002089533754156696
2008-05-30,-0.0031200715916175287,0.005624903543307261,0.001969098389143639
2008-04-30,-0.002748915601431901,0.004627082509953415,0.0013491588180301315
2008-03-31,-0.003280340934028614,0.005613486731902354,0.0007948712391698866
2008-02-29,-0.0027431732278719637,0.006441362156550997,0.0005405981795030129
2008-01-31,-0.003116136930028396,0.005402936274368266,0.0005493951071521729
2007-12-31,-0.00177245827350324,0.0033884347599009122,0.0008372484928300873
2007-11-30,-0.0008779835880123774,0.0019047177620560016,0.0004343823533630305
2007-10-31,0.0001951386998465558,0.0028971040195383403,0.0004296615680852808
2007-09-28,0.0007961591380043424,0.0020041833892508755,-3.811410785377124e-05
2007-08-31,0.0007148705632314482,0.00012355954451415623,-0.00042104823179861387
2007-07-31,0.0012493231797333793,0.00026425875769329235,-0.0010504356356812097
2007-06-29,0.0016698785670768211,0.0002125972838948099,-0.0015210552406749536
2007-05-31,0.001690648528279195,6.096283134503878e-05,-0.0016579329594824822
2007-04-30,0.0011492924234393041,0.0009148349543313149,-0.0016869565023568183
2007-03-30,0.0015219229837234738,0.0021192632663083535,-0.0013750232315789047
2007-02-28,0.001825271054482615,0.0022741084644743734,-0.0010050004552257896
2007-01-31,0.002066737321625552,0.000503692949118006,-0.0005939518427161741
2006-12-29,0.002943886561720408,0.0024043834197232925,-0.0011911475953780512
2006-11-30,0.0026941716406926833,0.0046803509280974875,-0.0018870150998687503
2006-10-31,0.003442381018628727,0.004876886297843847,-0.002713458913811256
2006-09-29,0.003142844953973968,0.0037020861966118638,-0.002018412743622959
2006-08-31,0.003454227080622545,0.004393768956930932,-0.0011332958821456134
2006-07-31,0.003280343322978736,0.006109254870257695,-0.0007487015643608854
2006-06-30,0.004379145612769569,0.005357402955851661,-0.0003319293655847067
2006-05-31,0.004357877448992815,0.0069872100419393944,-0.0007488046485292734
2006-04-28,0.004036548922019872,0.0064228757381286266,-0.0012935977100982793
2006-03-31,0.002056162124972098,0.003444941576137608,-0.0008572358712015042
2006-02-28,0.0013280053492806553,0.0030318602894877787,-0.0009306296839506186
2006-01-31,0.002065511971696163,0.004758202928123422,-0.0008293218156946981
2005-12-30,0.0009175614798393013,0.0034576687450306822,-0.0007303468824788205
2005-11-30,0.0011965409431523876,0.002132766478649602,-0.0012803816524688003
2005-10-31,0.0017203325230330537,0.0013755182521886329,-0.0004462490878470063
2005-09-30,0.0013297109241135142,0.002851614318324356,-0.000468513420635223
2005-08-31,0.0013308357888799525,0.004922316528372219,-0.001251504234155663
2005-07-29,0.0008562641554947991,0.0033097129910757586,-0.0016009456648556318
2005-06-30,-0.000714709415725046,0.003947659105726242,-0.0018023969427276142
2005-05-31,-0.00034362981097815055,0.003108911332019772,-0.001976609442403883
2005-04-29,0.0001262742168517865,0.003934499323925408,-0.0011317051037309026
2005-03-31,0.0016487471795110671,0.002612383432900296,0.00018205292471915613
2005-02-28,0.0010884504766516387,0.0027625580772531366,-7.102113268417022e-05
2005-01-31,0.0005578176889929078,0.0033805652666955358,-0.0009753471965043819
2004-12-31,0.0011366170513787152,0.00342835566499974,-0.0015162433374152982
2004-11-30,0.0014637367897331194,0.0057293615954767734,-0.0013090452417375102
2004-10-29,0.0005781378870789702,0.006447719883207588,-0.001478487651207357
2004-09-30,0.002297795391492641,0.006478469633249105,-0.0020895087295905177
2004-08-31,0.0009127772985217368,0.005010145133646038,-0.00246047657444344
2004-07-30,0.0014872011026634301,0.005311398751722481,-0.0020364242165298676
2004-06-30,0.0038860048543760796,0.004013072252838791,-0.0010036850927861193
2004-05-31,0.003960885275565913,0.00330276834913084,-0.0006149985779087513
2004-04-30,0.003476705009725764,0.004896925051086314,-0.0019105859226549084
2004-03-31,0.0038300691885645236,0.006775014825799803,-0.004384784716324915
2004-02-27,0.004272268634090413,0.004044841056899804,-0.004228299165039744
2004-01-30,0.0034662102306171794,0.0036007278582770546,-0.0036886447565068425
2003-12-31,0.0030966877402877615,0.004258428097605999,-0.0029206041774950814
2003-11-28,0.0006093451544423004,0.0037625649087337874,-0.0016887172430576558
2003-10-31,0.0014578901155675853,0.003218215372735639,-0.002055075446610405
2003-09-30,0.0014470991129909652,0.002535350176749154,-0.0022029075303968623
2003-08-29,0.00012817274512340568,0.0024830455180470373,-0.0010963960341543366
2003-07-31,-0.0003851403643081994,0.002954277990407274,-0.001675576405719063
2003-06-30,-0.003664695107796226,0.0037218020507306746,-0.002567408730671067
2003-05-30,-0.004670464429108089,0.004951522555664956,-0.00242355980858889
2003-04-30,-0.004475635729839623,0.002718482214751316,-0.0013647078996210458
2003-03-31,-0.005951477892455631,0.003995772844464666,-0.0008224188712779806
2003-02-28,-0.0048866497289947715,0.007176501197563427,0.00014831721358027697
2003-01-31,-0.004817412273915907,0.007197710221185494,0.0006732974179999941
2002-12-31,-0.005092950023391043,0.006049061333408512,4.898527044058604e-05
2002-11-29,-0.0034867678796457586,0.0036673215327498398,0.00029772153209491097
2002-10-31,-0.00256946752978362,0.0031952867314915547,0.0003032041253657289
2002-09-30,-0.004420694296220357,0.003646585668673929,-0.0004302463828086525
2002-08-30,-0.003990490952497899,0.0024382916206543244,9.224523575091084e-05
2002-07-31,-0.003982957943707495,0.0017230778123723308,0.0008496357116433657
2002-06-28,-0.0034953174731782704,0.0019339244005146742,0.0002895640151118773
2002-05-31,-0.0034667882105721077,0.0007624184312423178,0.0001896987767959992
2002-04-30,-0.00336907097027904,0.0004197033819404267,0.000257592534750179
2002-03-29,-0.0014093093496073514,-0.00028696205905878584,0.0007281973598255932
2002-02-28,-0.003103600273689151,-0.001393422224517874,0.0002153630662309309
2002-01-31,-0.003713180184561134,-0.0024308814441478667,0.00046236720321208614
2001-12-31,-0.0032958317846366993,-0.002815819717044544,0.00030719408720552774
2001-11-30,-0.003719160057123323,-0.0019730727700059962,-0.0005369655488922525
2001-10-31,-0.006152802002691513,-0.0007730234636299119,-0.0005736157878341526
2001-09-28,-0.005830130304250122,-0.0013702969157422132,0.0005950630664562392
2001-08-31,-0.004817103322297594,-0.0018253752164575675,0.0005648853819279083
2001-07-31,-0.00415659744949349,-0.0010643839501038657,6.542532500500721e-06
2001-06-29,-0.003645227322170503,-0.0020573394300840504,8.485411999684026e-05
2001-05-31,-0.003305764580342264,-0.0003172533606746908,-0.0003567564834279609
2001-04-30,-0.0031986005100399424,0.00032365600865740966,0.00017244690240471707
2001-03-30,-0.004225833384428434,-0.00046637645369377326,0.00029792599913013674
2001-02-28,-0.0035009963469559593,0.00042708708337527715,-0.000555729403730008
2001-01-31,-0.0029909770174921073,0.0011875491420776886,-0.0008885413589258347
2000-12-29,-0.0034504854489660185,0.001774188400047649,-0.0001559493707634673
2000-11-30,-0.0021017660513185823,0.0019422268466106945,8.618541958523223e-05
2000-10-31,-0.0006430261722178315,0.0011455936300200163,-0.00010782789725355448
2000-09-29,0.0003332735836178399,0.0011411227957450613,-0.0004773971407922899
2000-08-31,0.00018230733127372282,0.00297404010731318,-0.0005141152660422862
2000-07-31,0.0004077169319538522,0.002109822552252213,-2.8172580831375446e-05
2000-06-30,0.0009909951208978587,0.0035201971789666177,0.0009057947263893283
2000-05-31,0.002116477264337551,0.003460898298662861,0.000825462071754878
2000-04-28,0.00201881976593528,0.0009288701937400287,0.0009408605562864887
2000-03-31,0.0030175260038762027,0.002892388359550756,-0.00020481494205499445
2000-02-29,0.0030761440129775356,0.0054239210567914465,0.0006061229885633864
2000-01-31,0.004102878748525032,0.0035139796331538843,0.0012713829050543287
1999-12-31,0.004654489269212576,0.003202064790672327,0.0006730222120724295
1999-11-30,0.003781685658724641,0.0028463287880434967,0.0015002900436218648
1999-10-29,0.00384538956373325,0.0008841049907855955,0.0007711638652254778
1999-09-30,0.0044375373817406435,0.0008699301778990906,0.0010714561889191318
1999-08-31,0.004278086229759376,0.0017328812172437,0.000549691938102312
1999-07-30,0.0020225172250073614,0.000636013929948009,0.0009667673735984458
1999-06-30,0.001957811762249035,-0.0002526434322222098,0.00035758813285589826
1999-05-31,0.0008437021197700227,-0.0013416552098889927,0.0005883930511277798
1999-04-30,0.0006794128038529491,-0.000295232080448019,-0.00021655714991744633
1999-03-31,0.00015923211295017144,-0.0011496580886249611,0.0003839175861200078
1999-02-26,0.00012493147261373818,-0.002103488175753874,0.0002892826421474603
1999-01-29,0.0003942043849841328,-0.0014904919262918902,-0.0007637275411562511
1998-12-31,0.00019769160779504723,-0.0009693855889370671,-0.0007856483320271562
1998-11-30,-0.00040422108249791764,-0.001337241366408125,-0.0013079886111849346
1998-10-30,-0.0009351547273750531,-0.0014906460429778758,-0.0010256421343355696
1998-09-30,-0.002800436290453268,-0.0013929185461841842,-0.0011411639883053281
1998-08-31,-0.0020718074201544296,-0.002170826721662743,-0.0010983890174876252
1998-07-31,-0.000631089913114159,-0.0030402463090472226,-0.0004880636907458791
1998-06-30,-0.0009972778493941672,-0.0016007326080070615,-0.001704873189047595
1998-05-29,-0.0006029977907551411,-0.0016123681738871554,-0.00197485272320882
1998-04-30,0.00035166414693265437,-0.0005207081393974718,-0.0020875861356284145
1998-03-31,0.00034694379710255464,-0.00023055937740238788,-0.0026843246185236504
1998-02-27,0.00017719348131533562,-0.0010281999166085753,-0.001768989325062651
1998-01-30,-0.00044122435656000476,-0.000886573790168337,-0.0019171295191953487
1997-12-31,0.0001153392078864492,-0.0017674890042017636,-0.0021936190900791463
1997-11-28,0.00043479259891630965,-0.0021545136526651843,-0.0013733881821929828
1997-10-31,0.0007381658818263876,4.712280784117074e-05,-0.0020203538602000877
1997-09-30,0.001220930368953971,0.0010343433552891346,-0.0029107498257936897
1997-08-29,0.0008951745368521353,0.0005207594646155323,-0.0029987099385459606
1997-07-31,0.0016952489161347756,0.0012845136809848884,-0.004113499416815177
1997-06-30,0.0014653845518096968,-0.00023982250457952242,-0.0022706779553110577
1997-05-30,0.000663718693766524,-0.00026152173589114193,-0.0016087265122500902
1997-04-30,0.00014597026819421736,-0.0015957509759764292,-0.0013710253567817264
1997-03-31,0.0005881834631116677,-0.002371916761819188,-0.0007784306514542369
1997-02-28,0.0009047045259339517,-0.0017842572497201246,-0.0011176070074982451
1997-01-31,0.0014894046470530894,-0.002135019404655759,-0.0001445826107205542
1996-12-31,0.0008939104349448603,-0.0018370003135392734,0.00039932253725788035
1996-11-29,0.0006815487569098001,0.00011651411369017255,-0.0002724256117637651
1996-10-31,0.00031072005862760587,-0.0004363001439610282,0.00014485826794732962
1996-09-30,0.00014701916302503046,-0.001062556468977797,0.000770244622599446
1996-08-30,0.0003942261551590433,-0.00148832874830288,0.001016308235564811
1996-07-31,-0.0004836322650922254,-0.001368826862232598,0.0006500437872044849
1996-06-28,0.0005036104063325275,-0.000995992050380439,-6.134598393131326e-05
1996-05-31,0.0008715097037006155,-0.0013601497455747655,-0.0002789104602092244
1996-04-30,-0.0001032965063161703,0.0002593751537600645,-0.0015479314497345348
1996-03-29,-0.0006110246114931213,0.0011082098187594595,-0.0019146136459338345
1996-02-29,-0.0006644109454704094,0.002122114659232102,-0.0018670627464755056
1996-01-31,-0.002277930513313889,0.003176289432844965,-0.002509810103478364
1995-12-29,-0.0025609557777858307,0.003708774009038446,-0.0027661612852471836
1995-11-30,-0.00238279521224883,0.002940871424603551,-0.0026441402104579403
1995-10-31,-0.0023703040950019986,0.0018813338845985953,-0.0021797382397402655
1995-09-29,-0.0009300423746181286,0.002426772788390407,-0.0024110154416199865
1995-08-31,-0.0006523546804370889,0.001913885592510543,-0.0014107235230231665
1995-07-31,0.00047638972906717764,0.0016011829769758874,-0.0014697066748088148
1995-06-30,-0.0005163723921223179,0.0022613027339248902,-0.00189717978233468
1995-05-31,-4.386828896231091e-05,0.002822194399528271,-0.0014978482049342484
1995-04-28,0.0013012428433485817,0.002435226388241362,-0.000547399987944514
1995-03-31,0.0021102941087081987,0.0021250643262196054,-0.0002483741722051773
1995-02-28,0.001818229947298376,0.00029040898657079465,0.000807316425332022
1995-01-31,0.0035445039753680516,-6.192663400839649e-05,0.000992679287368728
1994-12-30,0.00444244707819115,0.0010983893902811177,0.0005924127632308126
1994-11-30,0.004933533312982952,0.001519069201321433,-1.1344377054978137e-05
1994-10-31,0.004694872844614628,0.0006501005894414621,0.0007744181776949269
1994-09-30,0.0037295589647598,-0.0006053601306413366,0.0009484725662858888
1994-08-31,0.0030585764469542253,-0.0009451990523115563,0.0007163625215301389
1994-07-29,0.0025345404605870638,-0.0003982603195487927,0.00040838729624931053
1994-06-30,0.0026354937450479374,-0.0006904089903605348,0.0009477650309796136
1994-05-31,0.0017780360666266942,-0.0003299210766136822,-0.00028021024752412834
1994-04-29,0.001569764857572632,-0.0009070602304093371,0.00023689900737506052
1994-03-31,0.0008367651636927064,-0.00042945204285596924,0.00025830409949628106
1994-02-28,0.0010250400920761404,0.000665204949706631,-0.0010298827434482493
1994-01-31,1.1911965002795644e-06,0.002161002659962814,-0.002482841215788871
1993-12-31,-0.0012274196246086363,0.0014617461004823205,-0.0021082103295712133
1993-11-30,-0.002027833439621857,0.0015114457157226805,-0.0021673454420548604
1993-10-29,-0.0014348737210591266,0.0021522462546647195,-0.003018974266847134
1993-09-30,-0.0014360958423175574,0.0009531019162938354,-0.002200670262119903
1993-08-31,-0.001774887007885675,0.001734154874221314,-0.002613161019019689
1993-07-30,-0.0015982465242093593,0.0014952112071496683,-0.001945800348030877
1993-06-30,-0.0021958854279573057,0.002284595410638941,-0.0023957463701985964
1993-05-31,-0.0022389990587883403,0.0019289192441009635,-0.0014114782865626186
1993-04-30,-0.0024891654267898853,0.002844913270888155,-0.0021417747591285434
1993-03-31,-0.0024587606467543284,0.0028340088611058197,-0.00232577448196955
1993-02-26,-0.0029255560636997527,0.0020871746442010577,-0.0018979173607629506
1993-01-29,-0.0025976594349165225,0.0016003091730276147,-0.0015485321192209632
1992-12-31,-0.0014320037524503662,0.0006196080906219802,-0.0007101821320052863
1992-11-30,-0.001394107233481202,0.00048364186038177265,-0.0011101360307105373
1992-10-30,-0.002457781932792633,0.0005612416264706351,-0.0007706010748898362
1992-09-30,-0.0025429193578985934,0.002477670090749157,-0.001422514912009319
1992-08-31,-0.0023464318108854317,0.002712958161803371,-0.001683717431317269
1992-07-31,-0.0030341606374224097,0.0030707347367899527,-0.002127040780715316
1992-06-30,-0.002177644856650064,0.002362933658919517,-0.001782068142384158
1992-05-29,-0.0019351444872374834,0.001630031741036441,-0.001474146878476277
1992-04-30,-0.0019275690980540285,0.00029000041135294476,-0.0009324319907436503
1992-03-31,-0.0022532986738137088,7.970792305618364e-05,-0.0007912038713897453
1992-02-28,-0.0026613336307610017,0.00011616718968712682,-0.0012448900468989515
1992-01-31,-0.0017003595304155579,2.2461045713662064e-05,-0.00191920513571899
1991-12-31,-0.002107629642459498,-0.00042064759245790024,-0.002555243535197642
1991-11-29,-0.001848300051810192,-0.0006944092375038907,-0.00218278658236686
1991-10-31,-0.0020204298548977388,-0.0007870317014891274,-0.002495241967096885
1991-09-30,-0.0012846899212014835,-0.0011679181736127114,-0.0028987249609915056
1991-08-30,-0.0023337490203200677,-0.001215145353189519,-0.001457103663657409
1991-07-31,-0.0021136407198396835,-0.0014360816081307863,0.0007061645347228251
1991-06-28,-0.0022602137342526626,-0.0003031027186614661,0.0010535770803723774
1991-05-31,-0.002172772169600443,4.3648535665730176e-05,0.0004752657020834327
1991-04-30,-0.0018372163270192281,0.0012879644459511431,-0.0008078972502109119
1991-03-29,-0.0015879038042793602,-0.0004419423270657765,0.00016924375117267408
1991-02-28,-0.0009338730554626236,-0.00026497335959010585,4.747676407598573e-05
1991-01-31,-0.001645125318595149,-0.00037526225720027433,0.0008574051599794239
1990-12-31,-0.001635933749463123,-0.0004719810224725387,0.0022382872409918942
1990-11-30,-0.0014317586641199801,-0.0003742375669132869,0.0033693062392222417
1990-10-31,-0.0007283258624240308,0.0006649257102593644,0.003685740955352819
1990-09-28,-0.0023558523157947457,0.001243097211078259,0.004116057300308063
1990-08-31,-0.0011348770810917451,-0.00016477518790686306,0.003406672597252755
1990-07-31,6.742264327671352e-05,-0.0010373383945619496,0.0018179909897277958
1990-06-29,0.0007430327860535537,-0.0018923929722554841,0.000815325945916887
1990-05-31,-0.0003263089711936409,-0.0016851103070729316,0.00098668823399651
1990-04-30,-0.0016627138429757765,-0.003282135960003935,0.0020156493936365188
1990-03-30,-0.0018805152478880874,-0.0013725266679880043,0.0006542237252582044
1990-02-28,-0.0021278376654764717,-0.0005963801343692205,0.0007637377040146906
1990-01-31,-0.0017955157144726804,-0.0010157981586537716,0.0018250047686803686
1989-12-29,-0.001465658715702046,0.00042385438648573636,-0.0002834266412599111
1989-11-30,-0.0016621071989139189,0.00013787046771961974,-0.0006711919476691347
1989-10-31,-0.0009592936744257873,-0.000535715036899598,4.9412305002542544e-05
1989-09-29,0.0012770977493546751,0.0017976319725240535,-0.0009518577246667753
1989-08-31,0.001522837031573805,0.0019907968119803224,-0.0026212687532144413
1989-07-31,0.0003895440579663601,0.0017324191473353625,-0.0025742447377702744
1989-06-30,-0.00014246397812275129,0.00032945086740571666,-0.0010364974331842339
1989-05-31,0.0009235205541149109,0.000239697160067039,-0.002104982704164098
1989-04-28,0.0024334616812093034,0.0008474495276765742,-0.00206593734513607
1989-03-31,0.002309441122805352,-0.0010533420826313164,-0.0007071862219305262
1989-02-28,0.003848963980862602,1.9438109636898934e-05,-0.000963181460260103
1989-01-31,0.003821911598225014,4.647842016235835e-05,-0.002452480579638454
1988-12-30,0.0017666721265404757,-0.001528477556647284,-0.0015620025370273597
1988-11-30,0.002681518249981615,-0.0003318515663888696,-0.0025177560744880905
1988-10-31,0.0028682677259578176,0.0019740234909082564,-0.004024262371999784
1988-09-30,-0.0010313307855131498,0.00015324973856955943,-0.0019449538955997401
1988-08-31,-0.0005608360079180421,-0.0009747636315451839,-0.00037431684151834765
1988-07-29,9.741466081573887e-05,-0.0016834538686057072,3.8266228724340794e-05
1988-06-30,0.0004779595955375909,-0.0003659490927753763,-0.0006401815773230508
1988-05-31,0.0008036585932473367,0.00016973284745800066,1.0123522695875755e-05
1988-04-29,0.0011456238079285376,0.0008246038417777565,-0.00032985170161639805
1988-03-31,0.002695317435875235,0.0019390840802725215,-0.00048309799502410634
1988-02-29,0.0018913518558976085,0.0005367389548061243,0.00032922556922233365
1988-01-29,0.0022472544517799704,0.0016083376036433266,-8.933097051951634e-05
1987-12-31,0.005101526821138767,0.004597851834142762,-0.0010503213620185643
1987-11-30,0.0037199633208486313,0.0032089319496180348,0.0009113517207174263
1987-10-30,0.0035581895306023427,0.0022287504239140413,0.0010651280415850204
1987-09-30,0.005876581910126962,0.0008139215156908209,-2.830029173640458e-06
1987-08-31,0.005185404581049461,0.000865143907254613,0.000246323102399899
1987-07-31,0.004422909444957196,0.005066532556868449,-0.0004164959088003647
1987-06-30,0.0036493472936658515,0.0036727035135363352,0.00026625705620259547
1987-05-29,0.0031352059939122644,0.0035467327065599194,0.0003285768316127596
1987-04-30,0.0035169880355315577,0.002261920157337844,0.0009838903457071468
1987-03-31,0.002378708287077412,0.003210413926108869,0.0006719998751088498
1987-02-27,0.001514134398876764,0.0030906126725861746,-0.0016021926599584162
1987-01-30,0.0012063275177243357,0.0038649287145607883,-0.0025435085957734305
1986-12-31,0.00019777436298381172,0.002341691415297636,-0.0018787599575167196
1986-11-28,-0.00022592369460705663,0.003057711754655069,-0.003104294140074239
1986-10-31,-0.0005266962418482146,0.0035326347256974745,-0.003254352413110091
1986-09-30,0.00032597448276649186,0.004747891055764815,-0.0036095712381211255
1986-08-29,0.0003603687567156585,0.005101681156093701,-0.004296910822099847
1986-07-31,-3.57300407605414e-05,0.0035894970446989256,-0.0035521233725449445
1986-06-30,0.0005844423888569124,0.00363197470915534,-0.0035941001140051706
1986-05-30,0.0010554724810340344,0.0027008089463286364,-0.003115099913272341
1986-04-30,-0.0006382512716115003,0.005402987262745498,-0.0055103502043025885
1986-03-31,-0.001343565172199394,0.005598228476708966,-0.006155425673759609
1986-02-28,-0.0014794090464346678,0.005900213456716742,-0.004254640388575056
1986-01-31,-0.0006013854676428955,0.003342175900636308,-0.0020357561964104405
1985-12-31,-0.00021843319797014137,0.0052113492571743405,-0.00306339368019063
1985-11-29,-8.255318477982933e-05,0.004029443059482612,-0.002412509885612188
1985-10-31,-0.0007221324364481221,0.003113891382113283,-0.002045220155532587
1985-09-30,-0.0016494006596393174,0.00307845411792622,-0.0026911444085989757
1985-08-30,-0.0024072350814613643,0.0030105571690309885,-0.003269114572401789
1985-07-31,-0.0010989774935577167,0.003588075338022101,-0.004008591531034115
1985-06-28,-0.0032123769495497156,0.0034378474406742917,-0.005221874001316735
1985-05-31,-0.0032454323130851185,0.0030805428512569242,-0.005261436635661546
1985-04-30,-0.00229622882030714,0.0003569421334552279,-0.00221533193901347
1985-03-29,-0.0019150377907238363,-0.0006939281130697454,-0.0015787341799944083
1985-02-28,-0.0006301222259981872,-0.002111235826051476,-0.0015506081189052248
1985-01-31,-0.0012258847022230397,-0.0013503990205133765,-0.0016338444898395955
1984-12-31,-0.001901038932687674,-0.0021553111801107462,-0.001053646667096753
1984-11-30,-0.0015222822692006579,-0.00203909337603381,-0.0004826344244365213
1984-10-31,-0.0009629131437900626,-0.0014902214034817449,-0.0005865809918810906
1984-09-28,-0.0003638583044686913,-0.0030769409203405054,0.000757497895841721
1984-08-31,-0.00038130177173296726,-0.003045035146918741,0.0006389452468782955
1984-07-31,-0.0012608702396697472,-0.004558646983930481,0.0013756644094585963
1984-06-29,0.0005183801822212964,-0.005161703215530379,0.002861836715966411
1984-05-31,0.0009372808503466173,-0.0049563644655064975,0.0029614449791153788
1984-04-30,0.0012310490598898736,-0.004551981325474976,0.0020648844140519203
1984-03-30,0.0014916385158178654,-0.00249894156283411,0.0008416527408605785
1984-02-29,0.0008654845858763511,-0.0024794106264332057,0.0009264500613080003
1984-01-31,0.0008199282539848888,-0.0021036813579238573,-0.0006061705199464406
1983-12-30,0.00159580909781721,-0.0020343923466814074,-0.0004532074615083596
1983-11-30,0.0013036442610734505,-0.0011439344979797738,-0.0009858013285999312
1983-10-31,0.0016656062952020926,-0.0013203419437343952,-0.0006673342405199167
1983-09-30,0.0015342283600984238,0.0018588587376551422,-0.0027196575896292147
1983-08-31,0.001284544610906242,0.0024193393679718764,-0.003072662578313972
1983-07-29,0.0006550522268125861,0.005298060556269436,-0.004282993952142548
1983-06-30,-0.0011719710303972988,0.007796393602107457,-0.005785388411198992
1983-05-31,-0.0017377294274751442,0.006389250433952337,-0.004693742166940316
1983-04-29,-0.0027431257259707565,0.005951728655277187,-0.0051604044003503826
1983-03-31,-0.0031006244284911178,0.006263356325264472,-0.00460370631698858
1983-02-28,-0.00394793739492682,0.005028078732428808,-0.004849263695566678
1983-01-31,-0.004799881132715758,0.0046484720641106455,-0.0034043363670545226
1982-12-31,-0.005267578009351967,0.0037031240423827205,-0.0032968688654825976
1982-11-30,-0.004158788210071756,0.0011547566688365216,-0.0018941179993005254
1982-10-29,-0.005827959320803102,0.002960636985356099,-0.003663338134416668
1982-09-30,-0.006337886663865482,0.0023140211308057407,-0.003222734751995554
1982-08-31,-0.005878355730532243,0.0009195957693703737,-0.0013629880007527077
1982-07-30,-0.004498255876050061,-0.0021783145473448203,0.0008247240396248238
1982-06-30,-0.002592542938907687,-0.004566026824567637,0.001822872498446697
1982-05-31,-0.002407719157508721,-0.0042787203503590835,0.0013938031756160819
1982-04-30,-0.00262802309039636,-0.003456687956698983,0.0009054373981208803
1982-03-31,-0.001566493364344254,-0.006321844935023806,0.0020703503631802553
1982-02-26,-0.001504001148457559,-0.004759988587969689,0.001616307626764292
1982-01-29,-0.0002339620241097503,-0.005341072239252605,0.0020555547675110515
1981-12-31,2.6303485711249573e-05,-0.005943912106079989,0.0021337959024204057
1981-11-30,-0.0016417171564213726,-0.004527853290690607,0.0012353164798041476
1981-10-30,2.4614115462646573e-05,-0.0067205238654623614,0.002856404998656489
1981-09-30,0.0017174135078266383,-0.008628496480936295,0.00403711744542687
1981-08-31,0.0028777553863257098,-0.008004061232107717,0.0032531951065531504
1981-07-31,0.003504298530681583,-0.008712425199361449,0.0031765476704547707
1981-06-30,0.003727939712445692,-0.008466539190865086,0.0029911136666268107
1981-05-29,0.003302965222543985,-0.0065158451060948995,0.0026639885189359627
1981-04-30,0.003797349627733751,-0.005245626712379917,0.002078542647720972
1981-03-31,0.001360914791598958,-0.000411815142361326,-0.0007028036149827819
1981-02-27,-6.974385788012482e-05,-0.004165464185781262,0.0009406432465922593
1981-01-30,0.0008642520135549534,-0.005376913163860909,0.002015331864211863
1980-12-31,0.0018684924390892118,-0.0028397291499612847,0.0023056995960899114
1980-11-28,0.002415503512254439,-0.001490316353600299,0.00278629014851962
1980-10-31,0.0014326912929449654,0.0007555389629236786,0.0020828638735507794
1980-09-30,0.0006190832668403135,-0.0013150698319151107,0.004072978283385379
1980-08-29,8.807192912497117e-05,0.0007894786207850834,0.004566200382305961
1980-07-31,3.21630959361215e-05,0.003307913105762261,0.003340760917642535
1980-06-30,-0.0012621175917855343,0.0044624129933787116,0.003945020495876154
1980-05-30,-0.000510053023252385,0.003122685172495706,0.003123483414713037
1980-04-30,-0.0015357515481643168,0.003071687499328352,0.005281208854700698
1980-03-31,8.782591592870123e-05,-0.000208684179710393,0.007223914587121616
1980-02-29,0.001511636998238395,0.0047649267692334305,0.006060099484946601
1980-01-31,0.000394055628724198,0.009878907659601545,0.004569801410312482
1979-12-31,-0.00020120306815722949,0.008748074479486842,0.0033542747375430166
1979-11-30,0.0005681951180032495,0.008752929064920192,0.0036322246478819697
1979-10-31,0.0010652591819479188,0.004195043466375292,0.0031898178417366025
1979-09-28,0.0010916313912903814,0.007934349947172034,0.001957669789347193
1979-08-31,0.0010071421826466328,0.005608104939708697,0.0016661140218083737
1979-07-31,0.0001994519955981498,0.005303393203968221,0.0018560200766290459
1979-06-29,0.0006648000258986797,0.006699568498995034,0.0014377652895478754
1979-05-31,0.000712760815045491,0.005143977791203961,0.0024946212434354934
1979-04-30,0.0025861633161468585,0.004927313505150856,0.0010335877005452029
1979-03-30,0.0032806755454431675,0.0047642067204394165,0.0004444517763389565
1979-02-28,0.0036591900666734065,0.0051877211840099064,0.0005188813509027786
1979-01-31,0.0029537659593842475,0.003322909709219706,0.0013051763935546911
1978-12-29,0.0021709260809908266,0.001266633522305444,0.0027239458251632296
1978-11-30,0.002202940020595681,0.0005533644949661363,0.0020283366106918542
1978-10-31,0.0023530966426717017,0.002606573706899374,0.0024728677426516434
1978-09-29,0.0021179041018952955,0.002121685066732192,0.0022611451753348586
1978-08-31,0.0020570393568495548,0.0021589842067381115,0.002297601845601044
1978-07-31,0.0018013191990479524,0.0016211256278000658,0.0024973239145767863
1978-06-30,0.001117420922984212,-0.00024100615702576396,0.003266704677585434
1978-05-31,0.0012410903762204288,0.0008622521592452945,0.0022933531652800064
1978-04-28,0.0006637770325265073,-0.00039801447150234913,0.0024277593457272
1978-03-31,-0.00014914707045477906,-0.0004515258852053016,0.0029959197810508387
1978-02-28,-0.0010044365642278145,-0.0003303733579243837,0.0033422161240998284
1978-01-31,-0.0010550194390386751,0.00040916368911657575,0.0027524995617482875
1977-12-30,3.254916281947243e-05,0.0002754473869258918,0.0024292920691933897
1977-11-30,0.00017563041189001894,0.0007793351076789864,0.0017579030163190595
1977-10-31,-0.0007696269575580325,0.0013709344123826507,0.001999954632178445
1977-09-30,-0.0016905126692633725,0.0016509050436798,0.0015611841032703215
1977-08-31,-0.0023113731745557295,0.0020702579202811085,0.001448256131002097
1977-07-29,-0.0023491749049000268,0.0016192816446779007,0.0009749761869952791
1977-06-30,-0.0019966949023300425,0.0022992440547553753,-0.00028170846512588635
1977-05-31,-0.0021350013237353164,0.002157964163797071,-0.0002950112696731165
1977-04-29,-0.0015207752955694628,0.002200325603198021,-9.81966371018238e-05
1977-03-31,-0.0010178961334901002,0.0033438391507853815,-0.0009932028694975168
1977-02-28,-0.0006815408194597693,0.0033074337157380355,-0.0015327005213694562
1977-01-31,-0.0007040516859490091,0.0025123555723943016,-0.0013185843858145602
1976-12-31,-0.0006350485198567679,0.0028213471284675817,-0.002738081952322945
1976-11-30,-0.0016755993806257222,0.0026155379104457394,-0.002388846825522297
1976-10-29,-0.0005469802091182662,0.0013009189263175308,-0.0025227882522310813
1976-09-30,0.00024128654037861296,0.002383826811688764,-0.003661243373954077
1976-08-31,0.0004212951996781675,0.0009181458772505497,-0.003366513865018696
1976-07-30,0.0008191589162555684,0.0009549270612997025,-0.003161744898256884
1976-06-30,0.00028120668162049165,6.63992332889508e-05,-0.002189996669377095
1976-05-31,0.0002640452645292831,-0.000500346524689266,-0.002134430563062098
1976-04-30,-0.0006551937718248075,-0.0001879911165716716,-0.0028506487691421192
1976-03-31,0.00018183620354492554,-0.0015606635100728094,-0.0019550283096203824
1976-02-27,0.0004374903480217157,-0.0022765542678059316,-0.0015819741806101274
1976-01-30,0.0011222985354453288,-0.0016203208516042925,-0.0022968112524701123
1975-12-31,0.001624700140011839,-0.0014216446492520132,-0.0023140068417715725
1975-11-28,0.001662435312513835,-0.0017927265618220048,-0.001718691905848998
1975-10-31,0.00029780085693848727,-0.0007530907581629268,-0.0014742649935874856
1975-09-30,0.0010942740661601476,-0.0011317920850127932,-0.0009784034677222876
1975-08-29,-0.000550736063163473,-0.00016845471978396,-0.000499841195308952
1975-07-31,-0.0015922390236815956,-6.498465918228101e-05,0.000593276776020781
1975-06-30,-0.001808260472792501,-0.0009834777181516995,0.0006690068331483575
1975-05-30,-0.0020162579345224803,-0.001771165907050176,0.001653557455280191
1975-04-30,-0.0019506835043260216,-0.002149613384148276,0.0021113270833392267
1975-03-31,-0.00246141522943225,-0.0017253122719396489,0.0023599964951492663
1975-02-28,-0.0023917991413111663,-0.0012244177780313457,0.003376107133055439
1975-01-31,-0.0027146444192118068,-0.000646107138507805,0.004121454150881874
1974-12-31,-0.004470348499179237,0.0055293978243109105,0.006969769542558028
1974-11-29,-0.004404868554683363,0.0060768264167373135,0.007212798555836459
1974-10-31,-0.0035892181223526427,0.004654122913873236,0.00650480939706668
1974-09-30,-0.0033719825670900866,0.006654296160798299,0.0063547077253093935
1974-08-30,-0.002383429260709081,0.006951609687190614,0.005270694359632236
1974-07-31,-0.0019689781495082484,0.006558721591705109,0.0037994625328987897
1974-06-28,0.00019147122561555843,0.00964030424219852,0.0035122513853412247
1974-05-31,0.0009050716135041755,0.01338045611302471,0.0025705746065756378
1974-04-30,0.0009632905209967964,0.014945956274219416,0.003221829676525519
1974-03-29,-0.00023657715178415506,0.017755330097307453,0.00339421237442645
1974-02-28,-0.0006872204298435669,0.018456613776378465,0.002579063717556586
1974-01-31,-0.0006105256648114688,0.017964045795612192,0.003336214486808558
